-- MySQL dump 10.13  Distrib 8.0.12, for Win64 (x86_64)
--
-- Host: localhost    Database: football
-- ------------------------------------------------------
-- Server version	8.0.12

/*!40101 SET @OLD_CHARACTER_SET_CLIENT=@@CHARACTER_SET_CLIENT */;
/*!40101 SET @OLD_CHARACTER_SET_RESULTS=@@CHARACTER_SET_RESULTS */;
/*!40101 SET @OLD_COLLATION_CONNECTION=@@COLLATION_CONNECTION */;
 SET NAMES utf8mb4 ;
/*!40103 SET @OLD_TIME_ZONE=@@TIME_ZONE */;
/*!40103 SET TIME_ZONE='+00:00' */;
/*!40014 SET @OLD_UNIQUE_CHECKS=@@UNIQUE_CHECKS, UNIQUE_CHECKS=0 */;
/*!40014 SET @OLD_FOREIGN_KEY_CHECKS=@@FOREIGN_KEY_CHECKS, FOREIGN_KEY_CHECKS=0 */;
/*!40101 SET @OLD_SQL_MODE=@@SQL_MODE, SQL_MODE='NO_AUTO_VALUE_ON_ZERO' */;
/*!40111 SET @OLD_SQL_NOTES=@@SQL_NOTES, SQL_NOTES=0 */;

--
-- Table structure for table `asian_handicap_corners`
--

DROP TABLE IF EXISTS `asian_handicap_corners`;
/*!40101 SET @saved_cs_client     = @@character_set_client */;
 SET character_set_client = utf8mb4 ;
CREATE TABLE `asian_handicap_corners` (
  `fixture_id` int(11) DEFAULT NULL,
  `line` varchar(50) DEFAULT NULL,
  `odds` varchar(50) DEFAULT NULL,
  `team_id` int(11) DEFAULT NULL
) ENGINE=InnoDB DEFAULT CHARSET=utf8mb4 COLLATE=utf8mb4_0900_ai_ci;
/*!40101 SET character_set_client = @saved_cs_client */;

--
-- Dumping data for table `asian_handicap_corners`
--

LOCK TABLES `asian_handicap_corners` WRITE;
/*!40000 ALTER TABLE `asian_handicap_corners` DISABLE KEYS */;
/*!40000 ALTER TABLE `asian_handicap_corners` ENABLE KEYS */;
UNLOCK TABLES;

--
-- Table structure for table `asian_total_cards`
--

DROP TABLE IF EXISTS `asian_total_cards`;
/*!40101 SET @saved_cs_client     = @@character_set_client */;
 SET character_set_client = utf8mb4 ;
CREATE TABLE `asian_total_cards` (
  `fixture_id` int(11) DEFAULT NULL,
  `line` varchar(50) DEFAULT NULL,
  `side` varchar(50) DEFAULT NULL,
  `odds` varchar(50) DEFAULT NULL
) ENGINE=InnoDB DEFAULT CHARSET=utf8mb4 COLLATE=utf8mb4_0900_ai_ci;
/*!40101 SET character_set_client = @saved_cs_client */;

--
-- Dumping data for table `asian_total_cards`
--

LOCK TABLES `asian_total_cards` WRITE;
/*!40000 ALTER TABLE `asian_total_cards` DISABLE KEYS */;
INSERT INTO `asian_total_cards` VALUES (29,'5','Over','2.100'),(29,'5','Under','1.700'),(30,'5','Over','2.100'),(30,'5','Under','1.700'),(31,'5','Over','1.850'),(31,'5','Under','1.950'),(32,'5','Over','1.850'),(32,'5','Under','1.950'),(33,'5','Over','1.850'),(33,'5','Under','1.950'),(34,'5','Over','1.850'),(34,'5','Under','1.950'),(35,'5','Over','1.850'),(35,'5','Under','1.950'),(36,'5','Over','1.850'),(36,'5','Under','1.950'),(37,'5','Over','1.850'),(37,'5','Under','1.950'),(38,'5','Over','1.850'),(38,'5','Under','1.950'),(39,'5','Over','1.850'),(39,'5','Under','1.950'),(40,'5','Over','1.850'),(40,'5','Under','1.950'),(41,'5','Over','1.850'),(41,'5','Under','1.950'),(42,'5','Over','1.850'),(42,'5','Under','1.950'),(43,'5','Over','1.850'),(43,'5','Under','1.950'),(44,'5','Over','1.850'),(44,'5','Under','1.950'),(45,'5','Over','1.850'),(45,'5','Under','1.950'),(46,'5','Over','1.850'),(46,'5','Under','1.950'),(47,'5','Over','1.850'),(47,'5','Under','1.950'),(48,'5','Over','1.850'),(48,'5','Under','1.950'),(49,'5','Over','1.850'),(49,'5','Under','1.950'),(50,'5','Over','1.850'),(50,'5','Under','1.950'),(53,'5','Over','1.850'),(53,'5','Under','1.950'),(54,'5','Over','1.850'),(54,'5','Under','1.950'),(55,'5','Over','1.850'),(55,'5','Under','1.950'),(56,'5','Over','1.850'),(56,'5','Under','1.950'),(57,'5','Over','1.850'),(57,'5','Under','1.950'),(58,'5','Over','1.850'),(58,'5','Under','1.950'),(59,'5','Over','1.850'),(59,'5','Under','1.950'),(60,'5','Over','1.850'),(60,'5','Under','1.950'),(61,'5','Over','1.850'),(61,'5','Under','1.950'),(62,'5','Over','1.850'),(62,'5','Under','1.950'),(63,'5','Over','1.850'),(63,'5','Under','1.950'),(64,'5','Over','1.850'),(64,'5','Under','1.950'),(65,'5','Over','1.850'),(65,'5','Under','1.950'),(66,'5','Over','1.850'),(66,'5','Under','1.950'),(67,'5','Over','1.850'),(67,'5','Under','1.950'),(68,'5','Over','1.850'),(68,'5','Under','1.950'),(69,'5','Over','1.850'),(69,'5','Under','1.950'),(70,'5','Over','1.750'),(70,'5','Under','2.050'),(71,'5','Over','1.750'),(71,'5','Under','2.050'),(72,'5','Over','1.750'),(72,'5','Under','2.050'),(73,'5','Over','1.750'),(73,'5','Under','2.050');
/*!40000 ALTER TABLE `asian_total_cards` ENABLE KEYS */;
UNLOCK TABLES;

--
-- Table structure for table `asian_total_corners`
--

DROP TABLE IF EXISTS `asian_total_corners`;
/*!40101 SET @saved_cs_client     = @@character_set_client */;
 SET character_set_client = utf8mb4 ;
CREATE TABLE `asian_total_corners` (
  `fixture_id` int(11) DEFAULT NULL,
  `line` varchar(50) DEFAULT NULL,
  `side` varchar(50) DEFAULT NULL,
  `odds` varchar(50) DEFAULT NULL
) ENGINE=InnoDB DEFAULT CHARSET=utf8mb4 COLLATE=utf8mb4_0900_ai_ci;
/*!40101 SET character_set_client = @saved_cs_client */;

--
-- Dumping data for table `asian_total_corners`
--

LOCK TABLES `asian_total_corners` WRITE;
/*!40000 ALTER TABLE `asian_total_corners` DISABLE KEYS */;
/*!40000 ALTER TABLE `asian_total_corners` ENABLE KEYS */;
UNLOCK TABLES;

--
-- Table structure for table `card_handicap`
--

DROP TABLE IF EXISTS `card_handicap`;
/*!40101 SET @saved_cs_client     = @@character_set_client */;
 SET character_set_client = utf8mb4 ;
CREATE TABLE `card_handicap` (
  `fixture_id` int(11) DEFAULT NULL,
  `team_id` int(11) DEFAULT NULL,
  `line` varchar(50) DEFAULT NULL,
  `odds` varchar(50) DEFAULT NULL
) ENGINE=InnoDB DEFAULT CHARSET=utf8mb4 COLLATE=utf8mb4_0900_ai_ci;
/*!40101 SET character_set_client = @saved_cs_client */;

--
-- Dumping data for table `card_handicap`
--

LOCK TABLES `card_handicap` WRITE;
/*!40000 ALTER TABLE `card_handicap` DISABLE KEYS */;
/*!40000 ALTER TABLE `card_handicap` ENABLE KEYS */;
UNLOCK TABLES;

--
-- Table structure for table `competitions`
--

DROP TABLE IF EXISTS `competitions`;
/*!40101 SET @saved_cs_client     = @@character_set_client */;
 SET character_set_client = utf8mb4 ;
CREATE TABLE `competitions` (
  `id` int(11) NOT NULL AUTO_INCREMENT,
  `name` varchar(50) DEFAULT NULL,
  PRIMARY KEY (`id`)
) ENGINE=InnoDB AUTO_INCREMENT=4 DEFAULT CHARSET=utf8mb4 COLLATE=utf8mb4_0900_ai_ci;
/*!40101 SET character_set_client = @saved_cs_client */;

--
-- Dumping data for table `competitions`
--

LOCK TABLES `competitions` WRITE;
/*!40000 ALTER TABLE `competitions` DISABLE KEYS */;
INSERT INTO `competitions` VALUES (2,'UEFA Europa League'),(3,'UEFA Champions League');
/*!40000 ALTER TABLE `competitions` ENABLE KEYS */;
UNLOCK TABLES;

--
-- Table structure for table `corners_match_bet`
--

DROP TABLE IF EXISTS `corners_match_bet`;
/*!40101 SET @saved_cs_client     = @@character_set_client */;
 SET character_set_client = utf8mb4 ;
CREATE TABLE `corners_match_bet` (
  `fixture_id` int(11) DEFAULT NULL,
  `side` varchar(50) DEFAULT NULL,
  `odds` varchar(50) DEFAULT NULL
) ENGINE=InnoDB DEFAULT CHARSET=utf8mb4 COLLATE=utf8mb4_0900_ai_ci;
/*!40101 SET character_set_client = @saved_cs_client */;

--
-- Dumping data for table `corners_match_bet`
--

LOCK TABLES `corners_match_bet` WRITE;
/*!40000 ALTER TABLE `corners_match_bet` DISABLE KEYS */;
/*!40000 ALTER TABLE `corners_match_bet` ENABLE KEYS */;
UNLOCK TABLES;

--
-- Table structure for table `fixtures`
--

DROP TABLE IF EXISTS `fixtures`;
/*!40101 SET @saved_cs_client     = @@character_set_client */;
 SET character_set_client = utf8mb4 ;
CREATE TABLE `fixtures` (
  `home_team_id` int(11) DEFAULT NULL,
  `away_team_id` int(11) DEFAULT NULL,
  `competition_id` int(11) DEFAULT NULL,
  `id` int(11) NOT NULL AUTO_INCREMENT,
  `dt` varchar(15) DEFAULT NULL,
  PRIMARY KEY (`id`)
) ENGINE=InnoDB AUTO_INCREMENT=74 DEFAULT CHARSET=utf8mb4 COLLATE=utf8mb4_0900_ai_ci;
/*!40101 SET character_set_client = @saved_cs_client */;

--
-- Dumping data for table `fixtures`
--

LOCK TABLES `fixtures` WRITE;
/*!40000 ALTER TABLE `fixtures` DISABLE KEYS */;
INSERT INTO `fixtures` VALUES (3,4,2,1,'Aug 21 15:00'),(3,4,2,2,'Aug 21 15:00'),(3,4,2,3,'Aug 21 15:00'),(3,4,2,4,'Aug 21 15:00'),(3,4,2,5,'Aug 21 15:00'),(3,4,2,6,'Aug 21 15:00'),(3,4,2,7,'Aug 21 15:00'),(3,4,2,8,'Aug 21 15:00'),(3,4,2,9,'Aug 21 15:00'),(3,4,2,10,'Aug 21 15:00'),(3,4,2,11,'Aug 21 15:00'),(3,4,2,12,'Aug 21 15:00'),(3,4,2,13,'Aug 21 15:00'),(3,4,2,14,'Aug 21 15:00'),(3,4,2,15,'Aug 21 15:00'),(3,4,2,16,'Aug 21 15:00'),(3,4,2,17,'Aug 21 15:00'),(3,4,2,18,'Aug 21 15:00'),(3,4,2,19,'Aug 21 15:00'),(3,4,2,20,'Aug 21 15:00'),(3,4,2,21,'Aug 21 15:00'),(3,4,2,22,'Aug 21 15:00'),(3,4,2,23,'Aug 21 15:00'),(3,4,2,24,'Aug 21 15:00'),(3,4,2,26,'Aug 21 15:00'),(3,4,2,27,'Aug 21 15:00'),(3,4,2,28,'Aug 21 15:00'),(3,4,2,29,'Aug 21 15:00'),(3,4,2,30,'Aug 21 15:00'),(5,6,3,31,'Aug 23 15:00'),(5,6,3,32,'Aug 23 15:00'),(5,6,3,33,'Aug 23 15:00'),(5,6,3,34,'Aug 23 15:00'),(5,6,3,35,'Aug 23 15:00'),(5,6,3,36,'Aug 23 15:00'),(5,6,3,37,'Aug 23 15:00'),(5,6,3,38,'Aug 23 15:00'),(5,6,3,39,'Aug 23 15:00'),(5,6,3,40,'Aug 23 15:00'),(5,6,3,41,'Aug 23 15:00'),(5,6,3,42,'Aug 23 15:00'),(5,6,3,43,'Aug 23 15:00'),(5,6,3,44,'Aug 23 15:00'),(5,6,3,45,'Aug 23 15:00'),(5,6,3,46,'Aug 23 15:00'),(5,6,3,47,'Aug 23 15:00'),(5,6,3,48,'Aug 23 15:00'),(5,6,3,49,'Aug 23 15:00'),(5,6,3,50,'Aug 23 15:00'),(5,6,3,53,'Aug 23 15:00'),(5,6,3,54,'Aug 23 15:00'),(5,6,3,55,'Aug 23 15:00'),(5,6,3,56,'Aug 23 15:00'),(5,6,3,57,'Aug 23 15:00'),(5,6,3,58,'Aug 23 15:00'),(5,6,3,59,'Aug 23 15:00'),(5,6,3,60,'Aug 23 15:00'),(5,6,3,61,'Aug 23 15:00'),(5,6,3,62,'Aug 23 15:00'),(5,6,3,63,'Aug 23 15:00'),(5,6,3,64,'Aug 23 15:00'),(5,6,3,65,'Aug 23 15:00'),(5,6,3,66,'Aug 23 15:00'),(5,6,3,67,'Aug 23 15:00'),(5,6,3,68,'Aug 23 15:00'),(5,6,3,69,'Aug 23 15:00'),(5,6,3,70,'Aug 23 15:00'),(5,6,3,71,'Aug 23 15:00'),(5,6,3,72,'Aug 23 15:00'),(5,6,3,73,'Aug 23 15:00');
/*!40000 ALTER TABLE `fixtures` ENABLE KEYS */;
UNLOCK TABLES;

--
-- Table structure for table `goalscorer`
--

DROP TABLE IF EXISTS `goalscorer`;
/*!40101 SET @saved_cs_client     = @@character_set_client */;
 SET character_set_client = utf8mb4 ;
CREATE TABLE `goalscorer` (
  `fixture_id` int(11) DEFAULT NULL,
  `player_id` int(11) DEFAULT NULL,
  `odds` varchar(50) DEFAULT NULL
) ENGINE=InnoDB DEFAULT CHARSET=utf8mb4 COLLATE=utf8mb4_0900_ai_ci;
/*!40101 SET character_set_client = @saved_cs_client */;

--
-- Dumping data for table `goalscorer`
--

LOCK TABLES `goalscorer` WRITE;
/*!40000 ALTER TABLE `goalscorer` DISABLE KEYS */;
INSERT INTO `goalscorer` VALUES (61,27,'4/7'),(61,37,'11/10'),(61,12,'7/5'),(61,18,'7/5'),(61,38,'6/4'),(61,40,'6/4'),(61,22,'13/8'),(61,41,'15/8'),(61,35,'2/1'),(61,30,'21/10'),(61,16,'5/2'),(61,39,'5/2'),(61,21,'11/4'),(61,9,'11/4'),(61,7,'3/1'),(61,33,'15/4'),(61,13,'15/4'),(61,4,'5/1'),(61,8,'5/1'),(61,14,'5/1'),(61,31,'5/1'),(61,24,'11/2'),(61,6,'11/2'),(61,2,'11/2'),(61,36,'7/1'),(61,15,'17/2'),(61,17,'17/2'),(61,34,'17/2'),(61,3,'10/1'),(61,32,'10/1'),(61,10,'10/1'),(61,1,'10/1'),(61,23,'10/1'),(61,28,'10/1'),(61,20,'12/1'),(61,11,'12/1'),(61,5,'12/1'),(61,19,'16/1'),(61,29,'16/1'),(61,25,'16/1'),(61,26,'16/1'),(62,27,'8/15'),(62,37,'11/10'),(62,12,'11/8'),(62,18,'11/8'),(62,38,'6/4'),(62,40,'6/4'),(62,22,'13/8'),(62,41,'7/4'),(62,35,'15/8'),(62,30,'21/10'),(62,16,'5/2'),(62,39,'5/2'),(62,21,'11/4'),(62,9,'11/4'),(62,7,'3/1'),(62,33,'7/2'),(62,13,'7/2'),(62,4,'9/2'),(62,8,'9/2'),(62,14,'9/2'),(62,31,'9/2'),(62,24,'11/2'),(62,6,'11/2'),(62,2,'11/2'),(62,36,'7/1'),(62,15,'17/2'),(62,17,'17/2'),(62,34,'17/2'),(62,3,'10/1'),(62,32,'10/1'),(62,10,'10/1'),(62,1,'10/1'),(62,23,'10/1'),(62,28,'10/1'),(62,20,'12/1'),(62,11,'12/1'),(62,5,'12/1'),(62,19,'16/1'),(62,29,'16/1'),(62,25,'16/1'),(62,26,'16/1'),(63,27,'8/15'),(63,37,'11/10'),(63,12,'11/8'),(63,18,'11/8'),(63,38,'6/4'),(63,40,'6/4'),(63,22,'13/8'),(63,41,'7/4'),(63,35,'15/8'),(63,30,'21/10'),(63,16,'5/2'),(63,39,'5/2'),(63,21,'11/4'),(63,9,'11/4'),(63,7,'3/1'),(63,33,'7/2'),(63,13,'7/2'),(63,4,'9/2'),(63,8,'9/2'),(63,14,'9/2'),(63,31,'9/2'),(63,24,'11/2'),(63,6,'11/2'),(63,2,'11/2'),(63,36,'7/1'),(63,15,'17/2'),(63,17,'17/2'),(63,34,'17/2'),(63,3,'10/1'),(63,32,'10/1'),(63,10,'10/1'),(63,1,'10/1'),(63,23,'10/1'),(63,28,'10/1'),(63,20,'12/1'),(63,11,'12/1'),(63,5,'12/1'),(63,19,'16/1'),(63,29,'16/1'),(63,25,'16/1'),(63,26,'16/1'),(64,27,'8/15'),(64,37,'11/10'),(64,12,'11/8'),(64,18,'11/8'),(64,38,'6/4'),(64,40,'6/4'),(64,22,'13/8'),(64,41,'7/4'),(64,35,'7/4'),(64,30,'21/10'),(64,16,'5/2'),(64,39,'5/2'),(64,21,'11/4'),(64,9,'11/4'),(64,7,'3/1'),(64,33,'7/2'),(64,13,'7/2'),(64,4,'9/2'),(64,8,'9/2'),(64,14,'9/2'),(64,31,'9/2'),(64,24,'11/2'),(64,6,'11/2'),(64,2,'11/2'),(64,36,'7/1'),(64,15,'17/2'),(64,17,'17/2'),(64,34,'17/2'),(64,3,'10/1'),(64,32,'10/1'),(64,10,'10/1'),(64,1,'10/1'),(64,23,'10/1'),(64,28,'10/1'),(64,20,'12/1'),(64,11,'12/1'),(64,5,'12/1'),(64,19,'16/1'),(64,29,'16/1'),(64,25,'16/1'),(64,26,'16/1'),(65,27,'8/15'),(65,37,'11/10'),(65,12,'11/8'),(65,18,'11/8'),(65,38,'6/4'),(65,40,'6/4'),(65,22,'13/8'),(65,41,'7/4'),(65,35,'7/4'),(65,30,'21/10'),(65,16,'5/2'),(65,39,'5/2'),(65,21,'11/4'),(65,9,'11/4'),(65,7,'3/1'),(65,33,'7/2'),(65,13,'7/2'),(65,4,'9/2'),(65,8,'9/2'),(65,14,'9/2'),(65,31,'9/2'),(65,24,'11/2'),(65,6,'11/2'),(65,2,'11/2'),(65,36,'7/1'),(65,15,'17/2'),(65,17,'17/2'),(65,34,'17/2'),(65,3,'10/1'),(65,32,'10/1'),(65,10,'10/1'),(65,1,'10/1'),(65,23,'10/1'),(65,28,'10/1'),(65,20,'12/1'),(65,11,'12/1'),(65,5,'12/1'),(65,19,'16/1'),(65,29,'16/1'),(65,25,'16/1'),(65,26,'16/1'),(66,27,'8/15'),(66,37,'11/10'),(66,12,'11/8'),(66,18,'11/8'),(66,38,'6/4'),(66,40,'6/4'),(66,22,'13/8'),(66,41,'7/4'),(66,35,'7/4'),(66,30,'21/10'),(66,16,'5/2'),(66,39,'5/2'),(66,21,'11/4'),(66,9,'11/4'),(66,7,'3/1'),(66,33,'7/2'),(66,13,'7/2'),(66,4,'9/2'),(66,8,'9/2'),(66,14,'9/2'),(66,31,'9/2'),(66,24,'11/2'),(66,6,'11/2'),(66,2,'11/2'),(66,36,'7/1'),(66,15,'17/2'),(66,17,'17/2'),(66,34,'17/2'),(66,3,'10/1'),(66,32,'10/1'),(66,10,'10/1'),(66,1,'10/1'),(66,23,'10/1'),(66,28,'10/1'),(66,20,'12/1'),(66,11,'12/1'),(66,5,'12/1'),(66,19,'16/1'),(66,29,'16/1'),(66,25,'16/1'),(66,26,'16/1'),(67,27,'8/15'),(67,37,'11/10'),(67,12,'11/8'),(67,18,'11/8'),(67,38,'6/4'),(67,40,'6/4'),(67,22,'13/8'),(67,41,'7/4'),(67,35,'7/4'),(67,30,'21/10'),(67,16,'5/2'),(67,39,'5/2'),(67,21,'11/4'),(67,9,'11/4'),(67,7,'3/1'),(67,33,'7/2'),(67,13,'7/2'),(67,4,'9/2'),(67,8,'9/2'),(67,14,'9/2'),(67,31,'9/2'),(67,24,'11/2'),(67,6,'11/2'),(67,2,'11/2'),(67,36,'7/1'),(67,15,'17/2'),(67,17,'17/2'),(67,34,'17/2'),(67,3,'10/1'),(67,32,'10/1'),(67,10,'10/1'),(67,1,'10/1'),(67,23,'10/1'),(67,28,'10/1'),(67,20,'12/1'),(67,11,'12/1'),(67,5,'12/1'),(67,19,'16/1'),(67,29,'16/1'),(67,25,'16/1'),(67,26,'16/1'),(68,27,'8/15'),(68,37,'11/10'),(68,12,'11/8'),(68,18,'11/8'),(68,38,'6/4'),(68,40,'6/4'),(68,22,'13/8'),(68,41,'7/4'),(68,35,'7/4'),(68,30,'21/10'),(68,16,'5/2'),(68,39,'5/2'),(68,21,'11/4'),(68,9,'11/4'),(68,7,'3/1'),(68,33,'7/2'),(68,13,'7/2'),(68,4,'9/2'),(68,8,'9/2'),(68,14,'9/2'),(68,31,'9/2'),(68,24,'11/2'),(68,6,'11/2'),(68,2,'11/2'),(68,36,'7/1'),(68,15,'17/2'),(68,17,'17/2'),(68,34,'17/2'),(68,3,'10/1'),(68,32,'10/1'),(68,10,'10/1'),(68,1,'10/1'),(68,23,'10/1'),(68,28,'10/1'),(68,20,'12/1'),(68,11,'12/1'),(68,5,'12/1'),(68,19,'16/1'),(68,29,'16/1'),(68,25,'16/1'),(68,26,'16/1'),(69,27,'8/15'),(69,37,'11/10'),(69,12,'11/8'),(69,18,'11/8'),(69,38,'6/4'),(69,40,'6/4'),(69,22,'13/8'),(69,41,'7/4'),(69,35,'7/4'),(69,30,'21/10'),(69,16,'5/2'),(69,39,'5/2'),(69,21,'11/4'),(69,9,'11/4'),(69,7,'3/1'),(69,33,'7/2'),(69,13,'7/2'),(69,4,'9/2'),(69,8,'9/2'),(69,14,'9/2'),(69,31,'9/2'),(69,24,'11/2'),(69,6,'11/2'),(69,2,'11/2'),(69,36,'7/1'),(69,15,'17/2'),(69,17,'17/2'),(69,34,'17/2'),(69,3,'10/1'),(69,32,'10/1'),(69,10,'10/1'),(69,1,'10/1'),(69,23,'10/1'),(69,28,'10/1'),(69,20,'12/1'),(69,11,'12/1'),(69,5,'12/1'),(69,19,'16/1'),(69,29,'16/1'),(69,25,'16/1'),(69,26,'16/1'),(70,27,'1/2'),(70,37,'21/20'),(70,12,'13/10'),(70,18,'13/10'),(70,38,'7/5'),(70,40,'7/5'),(70,22,'8/5'),(70,41,'7/4'),(70,35,'7/4'),(70,30,'2/1'),(70,16,'12/5'),(70,39,'12/5'),(70,21,'13/5'),(70,9,'13/5'),(70,7,'3/1'),(70,33,'10/3'),(70,13,'10/3'),(70,4,'9/2'),(70,8,'9/2'),(70,14,'9/2'),(70,31,'9/2'),(70,24,'5/1'),(70,6,'5/1'),(70,2,'5/1'),(70,36,'7/1'),(70,15,'8/1'),(70,17,'8/1'),(70,34,'8/1'),(70,3,'10/1'),(70,32,'10/1'),(70,10,'10/1'),(70,1,'10/1'),(70,23,'10/1'),(70,28,'10/1'),(70,20,'12/1'),(70,11,'12/1'),(70,5,'12/1'),(70,19,'16/1'),(70,29,'16/1'),(70,25,'16/1'),(70,26,'16/1'),(71,27,'1/2'),(71,37,'21/20'),(71,12,'13/10'),(71,18,'13/10'),(71,38,'7/5'),(71,40,'7/5'),(71,22,'8/5'),(71,41,'7/4'),(71,35,'7/4'),(71,30,'2/1'),(71,16,'12/5'),(71,39,'12/5'),(71,21,'13/5'),(71,9,'13/5'),(71,7,'3/1'),(71,33,'10/3'),(71,13,'10/3'),(71,4,'9/2'),(71,8,'9/2'),(71,14,'9/2'),(71,31,'9/2'),(71,24,'5/1'),(71,6,'5/1'),(71,2,'5/1'),(71,36,'7/1'),(71,15,'8/1'),(71,17,'8/1'),(71,34,'8/1'),(71,3,'10/1'),(71,32,'10/1'),(71,10,'10/1'),(71,1,'10/1'),(71,23,'10/1'),(71,28,'10/1'),(71,20,'12/1'),(71,11,'12/1'),(71,5,'12/1'),(71,19,'16/1'),(71,29,'16/1'),(71,25,'16/1'),(71,26,'16/1'),(72,27,'1/2'),(72,37,'21/20'),(72,12,'13/10'),(72,18,'13/10'),(72,38,'7/5'),(72,40,'7/5'),(72,22,'8/5'),(72,41,'7/4'),(72,35,'7/4'),(72,30,'2/1'),(72,16,'12/5'),(72,39,'12/5'),(72,21,'13/5'),(72,9,'13/5'),(72,7,'3/1'),(72,33,'10/3'),(72,13,'10/3'),(72,4,'9/2'),(72,8,'9/2'),(72,14,'9/2'),(72,31,'9/2'),(72,24,'5/1'),(72,6,'5/1'),(72,2,'5/1'),(72,36,'7/1'),(72,15,'8/1'),(72,17,'8/1'),(72,34,'8/1'),(72,3,'10/1'),(72,32,'10/1'),(72,10,'10/1'),(72,1,'10/1'),(72,23,'10/1'),(72,28,'10/1'),(72,20,'12/1'),(72,11,'12/1'),(72,5,'12/1'),(72,19,'16/1'),(72,29,'16/1'),(72,25,'16/1'),(72,26,'16/1'),(73,27,'1/2'),(73,37,'21/20'),(73,12,'13/10'),(73,18,'13/10'),(73,38,'7/5'),(73,40,'7/5'),(73,22,'8/5'),(73,41,'7/4'),(73,35,'7/4'),(73,30,'2/1'),(73,16,'12/5'),(73,39,'12/5'),(73,21,'13/5'),(73,9,'13/5'),(73,33,'10/3'),(73,13,'10/3'),(73,7,'10/3'),(73,4,'9/2'),(73,8,'9/2'),(73,14,'9/2'),(73,31,'9/2'),(73,24,'5/1'),(73,6,'5/1'),(73,2,'5/1'),(73,36,'7/1'),(73,15,'8/1'),(73,17,'8/1'),(73,34,'8/1'),(73,3,'9/1'),(73,32,'9/1'),(73,10,'9/1'),(73,1,'9/1'),(73,23,'9/1'),(73,28,'9/1'),(73,20,'12/1'),(73,11,'12/1'),(73,5,'12/1'),(73,19,'16/1'),(73,29,'16/1'),(73,25,'16/1'),(73,26,'16/1');
/*!40000 ALTER TABLE `goalscorer` ENABLE KEYS */;
UNLOCK TABLES;

--
-- Table structure for table `player_to_be_carded`
--

DROP TABLE IF EXISTS `player_to_be_carded`;
/*!40101 SET @saved_cs_client     = @@character_set_client */;
 SET character_set_client = utf8mb4 ;
CREATE TABLE `player_to_be_carded` (
  `fixture_id` int(11) DEFAULT NULL,
  `player_id` int(11) DEFAULT NULL,
  `odds` varchar(50) DEFAULT NULL
) ENGINE=InnoDB DEFAULT CHARSET=utf8mb4 COLLATE=utf8mb4_0900_ai_ci;
/*!40101 SET character_set_client = @saved_cs_client */;

--
-- Dumping data for table `player_to_be_carded`
--

LOCK TABLES `player_to_be_carded` WRITE;
/*!40000 ALTER TABLE `player_to_be_carded` DISABLE KEYS */;
INSERT INTO `player_to_be_carded` VALUES (55,1,'5/4'),(55,2,'6/4'),(55,3,'7/4'),(55,4,'7/4'),(55,5,'7/4'),(55,6,'2/1'),(55,7,'2/1'),(55,8,'9/4'),(55,9,'9/4'),(55,10,'9/4'),(55,11,'5/2'),(55,12,'5/2'),(55,13,'5/2'),(55,14,'11/4'),(55,15,'11/4'),(55,16,'11/4'),(55,17,'11/4'),(55,18,'11/4'),(55,19,'10/3'),(55,20,'10/3'),(55,21,'10/3'),(55,22,'10/3'),(55,23,'10/3'),(55,24,'7/2'),(55,25,'7/2'),(55,26,'7/2'),(55,27,'7/2'),(55,28,'7/2'),(55,29,'4/1'),(55,30,'4/1'),(55,31,'9/2'),(55,32,'9/2'),(55,33,'9/2'),(55,34,'9/2'),(55,35,'9/2'),(55,36,'5/1'),(55,37,'5/1'),(55,38,'11/2'),(55,39,'6/1'),(55,40,'6/1'),(55,41,'7/1'),(55,42,'10/1'),(55,43,'10/1'),(55,44,'12/1'),(55,45,'12/1'),(55,46,'12/1'),(55,47,'14/1'),(56,1,'5/4'),(56,2,'6/4'),(56,3,'7/4'),(56,4,'7/4'),(56,5,'7/4'),(56,6,'2/1'),(56,7,'2/1'),(56,8,'9/4'),(56,9,'9/4'),(56,10,'9/4'),(56,11,'5/2'),(56,12,'5/2'),(56,13,'5/2'),(56,14,'11/4'),(56,15,'11/4'),(56,16,'11/4'),(56,17,'11/4'),(56,18,'11/4'),(56,19,'10/3'),(56,20,'10/3'),(56,21,'10/3'),(56,22,'10/3'),(56,23,'10/3'),(56,24,'7/2'),(56,25,'7/2'),(56,26,'7/2'),(56,27,'7/2'),(56,28,'7/2'),(56,29,'4/1'),(56,30,'4/1'),(56,31,'9/2'),(56,32,'9/2'),(56,33,'9/2'),(56,34,'9/2'),(56,35,'9/2'),(56,36,'5/1'),(56,37,'5/1'),(56,38,'11/2'),(56,39,'6/1'),(56,40,'6/1'),(56,41,'7/1'),(56,42,'10/1'),(56,43,'10/1'),(56,44,'12/1'),(56,45,'12/1'),(56,46,'12/1'),(56,47,'14/1'),(57,1,'5/4'),(57,2,'6/4'),(57,3,'7/4'),(57,4,'7/4'),(57,5,'7/4'),(57,6,'2/1'),(57,7,'2/1'),(57,8,'9/4'),(57,9,'9/4'),(57,10,'9/4'),(57,11,'5/2'),(57,12,'5/2'),(57,13,'5/2'),(57,14,'11/4'),(57,15,'11/4'),(57,16,'11/4'),(57,17,'11/4'),(57,18,'11/4'),(57,19,'10/3'),(57,20,'10/3'),(57,21,'10/3'),(57,22,'10/3'),(57,23,'10/3'),(57,24,'7/2'),(57,25,'7/2'),(57,26,'7/2'),(57,27,'7/2'),(57,28,'7/2'),(57,29,'4/1'),(57,30,'4/1'),(57,31,'9/2'),(57,32,'9/2'),(57,33,'9/2'),(57,34,'9/2'),(57,35,'9/2'),(57,36,'5/1'),(57,37,'5/1'),(57,38,'11/2'),(57,39,'6/1'),(57,40,'6/1'),(57,41,'7/1'),(57,42,'10/1'),(57,43,'10/1'),(57,44,'12/1'),(57,45,'12/1'),(57,46,'12/1'),(57,47,'14/1'),(58,1,'5/4'),(58,2,'6/4'),(58,3,'7/4'),(58,4,'7/4'),(58,5,'7/4'),(58,6,'2/1'),(58,7,'2/1'),(58,8,'9/4'),(58,9,'9/4'),(58,10,'9/4'),(58,11,'5/2'),(58,12,'5/2'),(58,13,'5/2'),(58,14,'11/4'),(58,15,'11/4'),(58,16,'11/4'),(58,17,'11/4'),(58,18,'11/4'),(58,19,'10/3'),(58,20,'10/3'),(58,21,'10/3'),(58,22,'10/3'),(58,23,'10/3'),(58,24,'7/2'),(58,25,'7/2'),(58,26,'7/2'),(58,27,'7/2'),(58,28,'7/2'),(58,29,'4/1'),(58,30,'4/1'),(58,31,'9/2'),(58,32,'9/2'),(58,33,'9/2'),(58,34,'9/2'),(58,35,'9/2'),(58,36,'5/1'),(58,37,'5/1'),(58,38,'11/2'),(58,39,'6/1'),(58,40,'6/1'),(58,41,'7/1'),(58,42,'10/1'),(58,43,'10/1'),(58,44,'12/1'),(58,45,'12/1'),(58,46,'12/1'),(58,47,'14/1'),(59,1,'5/4'),(59,2,'6/4'),(59,3,'7/4'),(59,4,'7/4'),(59,5,'7/4'),(59,6,'2/1'),(59,7,'2/1'),(59,8,'9/4'),(59,9,'9/4'),(59,10,'9/4'),(59,11,'5/2'),(59,12,'5/2'),(59,13,'5/2'),(59,14,'11/4'),(59,15,'11/4'),(59,16,'11/4'),(59,17,'11/4'),(59,18,'11/4'),(59,19,'10/3'),(59,20,'10/3'),(59,21,'10/3'),(59,22,'10/3'),(59,23,'10/3'),(59,24,'7/2'),(59,25,'7/2'),(59,26,'7/2'),(59,27,'7/2'),(59,28,'7/2'),(59,29,'4/1'),(59,30,'4/1'),(59,31,'9/2'),(59,32,'9/2'),(59,33,'9/2'),(59,34,'9/2'),(59,35,'9/2'),(59,36,'5/1'),(59,37,'5/1'),(59,38,'11/2'),(59,39,'6/1'),(59,40,'6/1'),(59,41,'7/1'),(59,42,'10/1'),(59,43,'10/1'),(59,44,'12/1'),(59,45,'12/1'),(59,46,'12/1'),(59,47,'14/1'),(60,1,'5/4'),(60,2,'6/4'),(60,3,'7/4'),(60,4,'7/4'),(60,5,'7/4'),(60,6,'2/1'),(60,7,'2/1'),(60,8,'9/4'),(60,9,'9/4'),(60,10,'9/4'),(60,11,'5/2'),(60,12,'5/2'),(60,13,'5/2'),(60,14,'11/4'),(60,15,'11/4'),(60,16,'11/4'),(60,17,'11/4'),(60,18,'11/4'),(60,19,'10/3'),(60,20,'10/3'),(60,21,'10/3'),(60,22,'10/3'),(60,23,'10/3'),(60,24,'7/2'),(60,25,'7/2'),(60,26,'7/2'),(60,27,'7/2'),(60,28,'7/2'),(60,29,'4/1'),(60,30,'4/1'),(60,31,'9/2'),(60,32,'9/2'),(60,33,'9/2'),(60,34,'9/2'),(60,35,'9/2'),(60,36,'5/1'),(60,37,'5/1'),(60,38,'11/2'),(60,39,'6/1'),(60,40,'6/1'),(60,41,'7/1'),(60,42,'10/1'),(60,43,'10/1'),(60,44,'12/1'),(60,45,'12/1'),(60,46,'12/1'),(60,47,'14/1'),(61,1,'5/4'),(61,2,'6/4'),(61,3,'7/4'),(61,4,'7/4'),(61,5,'7/4'),(61,6,'2/1'),(61,7,'2/1'),(61,8,'9/4'),(61,9,'9/4'),(61,10,'9/4'),(61,11,'5/2'),(61,12,'5/2'),(61,13,'5/2'),(61,14,'11/4'),(61,15,'11/4'),(61,16,'11/4'),(61,17,'11/4'),(61,18,'11/4'),(61,19,'10/3'),(61,20,'10/3'),(61,21,'10/3'),(61,22,'10/3'),(61,23,'10/3'),(61,24,'7/2'),(61,25,'7/2'),(61,26,'7/2'),(61,27,'7/2'),(61,28,'7/2'),(61,29,'4/1'),(61,30,'4/1'),(61,31,'9/2'),(61,32,'9/2'),(61,33,'9/2'),(61,34,'9/2'),(61,35,'9/2'),(61,36,'5/1'),(61,37,'5/1'),(61,38,'11/2'),(61,39,'6/1'),(61,40,'6/1'),(61,41,'7/1'),(61,42,'10/1'),(61,43,'10/1'),(61,44,'12/1'),(61,45,'12/1'),(61,46,'12/1'),(61,47,'14/1'),(62,1,'5/4'),(62,2,'6/4'),(62,3,'7/4'),(62,4,'7/4'),(62,5,'7/4'),(62,6,'2/1'),(62,7,'2/1'),(62,8,'9/4'),(62,9,'9/4'),(62,10,'9/4'),(62,11,'5/2'),(62,12,'5/2'),(62,13,'5/2'),(62,14,'11/4'),(62,15,'11/4'),(62,16,'11/4'),(62,17,'11/4'),(62,18,'11/4'),(62,19,'10/3'),(62,20,'10/3'),(62,21,'10/3'),(62,22,'10/3'),(62,23,'10/3'),(62,24,'7/2'),(62,25,'7/2'),(62,26,'7/2'),(62,27,'7/2'),(62,28,'7/2'),(62,29,'4/1'),(62,30,'4/1'),(62,31,'9/2'),(62,32,'9/2'),(62,33,'9/2'),(62,34,'9/2'),(62,35,'9/2'),(62,36,'5/1'),(62,37,'5/1'),(62,38,'11/2'),(62,39,'6/1'),(62,40,'6/1'),(62,41,'7/1'),(62,42,'10/1'),(62,43,'10/1'),(62,44,'12/1'),(62,45,'12/1'),(62,46,'12/1'),(62,47,'14/1'),(63,1,'5/4'),(63,2,'6/4'),(63,3,'7/4'),(63,4,'7/4'),(63,5,'7/4'),(63,6,'2/1'),(63,7,'2/1'),(63,8,'9/4'),(63,9,'9/4'),(63,10,'9/4'),(63,11,'5/2'),(63,12,'5/2'),(63,13,'5/2'),(63,14,'11/4'),(63,15,'11/4'),(63,16,'11/4'),(63,17,'11/4'),(63,18,'11/4'),(63,19,'10/3'),(63,20,'10/3'),(63,21,'10/3'),(63,22,'10/3'),(63,23,'10/3'),(63,24,'7/2'),(63,25,'7/2'),(63,26,'7/2'),(63,27,'7/2'),(63,28,'7/2'),(63,29,'4/1'),(63,30,'4/1'),(63,31,'9/2'),(63,32,'9/2'),(63,33,'9/2'),(63,34,'9/2'),(63,35,'9/2'),(63,36,'5/1'),(63,37,'5/1'),(63,38,'11/2'),(63,39,'6/1'),(63,40,'6/1'),(63,41,'7/1'),(63,42,'10/1'),(63,43,'10/1'),(63,44,'12/1'),(63,45,'12/1'),(63,46,'12/1'),(63,47,'14/1'),(64,1,'5/4'),(64,2,'6/4'),(64,3,'7/4'),(64,4,'7/4'),(64,5,'7/4'),(64,6,'2/1'),(64,7,'2/1'),(64,8,'9/4'),(64,9,'9/4'),(64,10,'9/4'),(64,11,'5/2'),(64,12,'5/2'),(64,13,'5/2'),(64,14,'11/4'),(64,15,'11/4'),(64,16,'11/4'),(64,17,'11/4'),(64,18,'11/4'),(64,19,'10/3'),(64,20,'10/3'),(64,21,'10/3'),(64,22,'10/3'),(64,23,'10/3'),(64,24,'7/2'),(64,25,'7/2'),(64,26,'7/2'),(64,27,'7/2'),(64,28,'7/2'),(64,29,'4/1'),(64,30,'4/1'),(64,31,'9/2'),(64,32,'9/2'),(64,33,'9/2'),(64,34,'9/2'),(64,35,'9/2'),(64,36,'5/1'),(64,37,'5/1'),(64,38,'11/2'),(64,39,'6/1'),(64,40,'6/1'),(64,41,'7/1'),(64,42,'10/1'),(64,43,'10/1'),(64,44,'12/1'),(64,45,'12/1'),(64,46,'12/1'),(64,47,'14/1'),(65,1,'5/4'),(65,2,'6/4'),(65,3,'7/4'),(65,4,'7/4'),(65,5,'7/4'),(65,6,'2/1'),(65,7,'2/1'),(65,8,'9/4'),(65,9,'9/4'),(65,10,'9/4'),(65,11,'5/2'),(65,12,'5/2'),(65,13,'5/2'),(65,14,'11/4'),(65,15,'11/4'),(65,16,'11/4'),(65,17,'11/4'),(65,18,'11/4'),(65,19,'10/3'),(65,20,'10/3'),(65,21,'10/3'),(65,22,'10/3'),(65,23,'10/3'),(65,24,'7/2'),(65,25,'7/2'),(65,26,'7/2'),(65,27,'7/2'),(65,28,'7/2'),(65,29,'4/1'),(65,30,'4/1'),(65,31,'9/2'),(65,32,'9/2'),(65,33,'9/2'),(65,34,'9/2'),(65,35,'9/2'),(65,36,'5/1'),(65,37,'5/1'),(65,38,'11/2'),(65,39,'6/1'),(65,40,'6/1'),(65,41,'7/1'),(65,42,'10/1'),(65,43,'10/1'),(65,44,'12/1'),(65,45,'12/1'),(65,46,'12/1'),(65,47,'14/1'),(66,1,'5/4'),(66,2,'6/4'),(66,3,'7/4'),(66,4,'7/4'),(66,5,'7/4'),(66,6,'2/1'),(66,7,'2/1'),(66,8,'9/4'),(66,9,'9/4'),(66,10,'9/4'),(66,11,'5/2'),(66,12,'5/2'),(66,13,'5/2'),(66,14,'11/4'),(66,15,'11/4'),(66,16,'11/4'),(66,17,'11/4'),(66,18,'11/4'),(66,19,'10/3'),(66,20,'10/3'),(66,21,'10/3'),(66,22,'10/3'),(66,23,'10/3'),(66,24,'7/2'),(66,25,'7/2'),(66,26,'7/2'),(66,27,'7/2'),(66,28,'7/2'),(66,29,'4/1'),(66,30,'4/1'),(66,31,'9/2'),(66,32,'9/2'),(66,33,'9/2'),(66,34,'9/2'),(66,35,'9/2'),(66,36,'5/1'),(66,37,'5/1'),(66,38,'11/2'),(66,39,'6/1'),(66,40,'6/1'),(66,41,'7/1'),(66,42,'10/1'),(66,43,'10/1'),(66,44,'12/1'),(66,45,'12/1'),(66,46,'12/1'),(66,47,'14/1'),(67,1,'5/4'),(67,2,'6/4'),(67,3,'7/4'),(67,4,'7/4'),(67,5,'7/4'),(67,6,'2/1'),(67,7,'2/1'),(67,8,'9/4'),(67,9,'9/4'),(67,10,'9/4'),(67,11,'5/2'),(67,12,'5/2'),(67,13,'5/2'),(67,14,'11/4'),(67,15,'11/4'),(67,16,'11/4'),(67,17,'11/4'),(67,18,'11/4'),(67,19,'10/3'),(67,20,'10/3'),(67,21,'10/3'),(67,22,'10/3'),(67,23,'10/3'),(67,24,'7/2'),(67,25,'7/2'),(67,26,'7/2'),(67,27,'7/2'),(67,28,'7/2'),(67,29,'4/1'),(67,30,'4/1'),(67,31,'9/2'),(67,32,'9/2'),(67,33,'9/2'),(67,34,'9/2'),(67,35,'9/2'),(67,36,'5/1'),(67,37,'5/1'),(67,38,'11/2'),(67,39,'6/1'),(67,40,'6/1'),(67,41,'7/1'),(67,42,'10/1'),(67,43,'10/1'),(67,44,'12/1'),(67,45,'12/1'),(67,46,'12/1'),(67,47,'14/1'),(68,1,'5/4'),(68,2,'6/4'),(68,3,'7/4'),(68,4,'7/4'),(68,5,'7/4'),(68,6,'2/1'),(68,7,'2/1'),(68,8,'9/4'),(68,9,'9/4'),(68,10,'9/4'),(68,11,'5/2'),(68,12,'5/2'),(68,13,'5/2'),(68,14,'11/4'),(68,15,'11/4'),(68,16,'11/4'),(68,17,'11/4'),(68,18,'11/4'),(68,19,'10/3'),(68,20,'10/3'),(68,21,'10/3'),(68,22,'10/3'),(68,23,'10/3'),(68,24,'7/2'),(68,25,'7/2'),(68,26,'7/2'),(68,27,'7/2'),(68,28,'7/2'),(68,29,'4/1'),(68,30,'4/1'),(68,31,'9/2'),(68,32,'9/2'),(68,33,'9/2'),(68,34,'9/2'),(68,35,'9/2'),(68,36,'5/1'),(68,37,'5/1'),(68,38,'11/2'),(68,39,'6/1'),(68,40,'6/1'),(68,41,'7/1'),(68,42,'10/1'),(68,43,'10/1'),(68,44,'12/1'),(68,45,'12/1'),(68,46,'12/1'),(68,47,'14/1'),(69,1,'5/4'),(69,2,'6/4'),(69,3,'7/4'),(69,4,'7/4'),(69,5,'7/4'),(69,6,'2/1'),(69,7,'2/1'),(69,8,'9/4'),(69,9,'9/4'),(69,10,'9/4'),(69,11,'5/2'),(69,12,'5/2'),(69,13,'5/2'),(69,14,'11/4'),(69,15,'11/4'),(69,16,'11/4'),(69,17,'11/4'),(69,18,'11/4'),(69,19,'10/3'),(69,20,'10/3'),(69,21,'10/3'),(69,22,'10/3'),(69,23,'10/3'),(69,24,'7/2'),(69,25,'7/2'),(69,26,'7/2'),(69,27,'7/2'),(69,28,'7/2'),(69,29,'4/1'),(69,30,'4/1'),(69,31,'9/2'),(69,32,'9/2'),(69,33,'9/2'),(69,34,'9/2'),(69,35,'9/2'),(69,36,'5/1'),(69,37,'5/1'),(69,38,'11/2'),(69,39,'6/1'),(69,40,'6/1'),(69,41,'7/1'),(69,42,'10/1'),(69,43,'10/1'),(69,44,'12/1'),(69,45,'12/1'),(69,46,'12/1'),(69,47,'14/1'),(70,1,'5/4'),(70,2,'6/4'),(70,3,'7/4'),(70,4,'7/4'),(70,5,'7/4'),(70,6,'2/1'),(70,7,'2/1'),(70,8,'9/4'),(70,9,'9/4'),(70,10,'9/4'),(70,11,'5/2'),(70,12,'5/2'),(70,13,'5/2'),(70,14,'11/4'),(70,15,'11/4'),(70,16,'11/4'),(70,17,'11/4'),(70,18,'5/2'),(70,19,'10/3'),(70,20,'10/3'),(70,21,'10/3'),(70,22,'10/3'),(70,23,'10/3'),(70,24,'7/2'),(70,25,'7/2'),(70,26,'7/2'),(70,27,'7/2'),(70,28,'7/2'),(70,29,'4/1'),(70,30,'4/1'),(70,31,'9/2'),(70,32,'9/2'),(70,33,'9/2'),(70,34,'9/2'),(70,35,'9/2'),(70,36,'5/1'),(70,37,'5/1'),(70,38,'11/2'),(70,39,'6/1'),(70,40,'6/1'),(70,41,'7/1'),(70,42,'10/1'),(70,43,'10/1'),(70,44,'12/1'),(70,45,'12/1'),(70,46,'12/1'),(70,47,'14/1'),(71,1,'5/4'),(71,2,'6/4'),(71,3,'7/4'),(71,4,'7/4'),(71,5,'7/4'),(71,6,'2/1'),(71,7,'2/1'),(71,8,'9/4'),(71,9,'9/4'),(71,10,'9/4'),(71,11,'5/2'),(71,12,'5/2'),(71,13,'5/2'),(71,14,'11/4'),(71,15,'11/4'),(71,16,'11/4'),(71,17,'11/4'),(71,18,'9/4'),(71,19,'10/3'),(71,20,'10/3'),(71,21,'10/3'),(71,22,'10/3'),(71,23,'10/3'),(71,24,'7/2'),(71,25,'7/2'),(71,26,'7/2'),(71,27,'7/2'),(71,28,'7/2'),(71,29,'4/1'),(71,30,'4/1'),(71,31,'9/2'),(71,32,'9/2'),(71,33,'9/2'),(71,34,'9/2'),(71,35,'9/2'),(71,36,'5/1'),(71,37,'5/1'),(71,38,'11/2'),(71,39,'6/1'),(71,40,'6/1'),(71,41,'7/1'),(71,42,'10/1'),(71,43,'10/1'),(71,44,'12/1'),(71,45,'12/1'),(71,46,'12/1'),(71,47,'14/1'),(72,1,'5/4'),(72,2,'6/4'),(72,3,'7/4'),(72,4,'7/4'),(72,5,'7/4'),(72,6,'2/1'),(72,7,'2/1'),(72,8,'9/4'),(72,9,'9/4'),(72,10,'9/4'),(72,11,'5/2'),(72,12,'5/2'),(72,13,'5/2'),(72,14,'11/4'),(72,15,'11/4'),(72,16,'11/4'),(72,17,'11/4'),(72,18,'9/4'),(72,19,'10/3'),(72,20,'10/3'),(72,21,'10/3'),(72,22,'10/3'),(72,23,'10/3'),(72,24,'7/2'),(72,25,'7/2'),(72,26,'7/2'),(72,27,'7/2'),(72,28,'7/2'),(72,29,'4/1'),(72,30,'4/1'),(72,31,'9/2'),(72,32,'9/2'),(72,33,'9/2'),(72,34,'9/2'),(72,35,'9/2'),(72,36,'5/1'),(72,37,'5/1'),(72,38,'11/2'),(72,39,'6/1'),(72,40,'6/1'),(72,41,'7/1'),(72,42,'10/1'),(72,43,'10/1'),(72,44,'12/1'),(72,45,'12/1'),(72,46,'12/1'),(72,47,'14/1'),(73,1,'5/4'),(73,2,'6/4'),(73,3,'7/4'),(73,4,'7/4'),(73,5,'7/4'),(73,6,'2/1'),(73,7,'2/1'),(73,8,'9/4'),(73,9,'9/4'),(73,10,'9/4'),(73,11,'5/2'),(73,12,'5/2'),(73,13,'5/2'),(73,14,'11/4'),(73,15,'11/4'),(73,16,'11/4'),(73,17,'11/4'),(73,18,'9/4'),(73,19,'10/3'),(73,20,'10/3'),(73,21,'10/3'),(73,22,'10/3'),(73,23,'10/3'),(73,24,'7/2'),(73,25,'7/2'),(73,26,'7/2'),(73,27,'7/2'),(73,28,'7/2'),(73,29,'4/1'),(73,30,'4/1'),(73,31,'9/2'),(73,32,'9/2'),(73,33,'9/2'),(73,34,'9/2'),(73,35,'9/2'),(73,36,'5/1'),(73,37,'5/1'),(73,38,'11/2'),(73,39,'6/1'),(73,40,'6/1'),(73,41,'7/1'),(73,42,'10/1'),(73,43,'10/1'),(73,44,'12/1'),(73,45,'12/1'),(73,46,'12/1'),(73,47,'14/1');
/*!40000 ALTER TABLE `player_to_be_carded` ENABLE KEYS */;
UNLOCK TABLES;

--
-- Table structure for table `players`
--

DROP TABLE IF EXISTS `players`;
/*!40101 SET @saved_cs_client     = @@character_set_client */;
 SET character_set_client = utf8mb4 ;
CREATE TABLE `players` (
  `id` int(11) NOT NULL AUTO_INCREMENT,
  `name` varchar(50) DEFAULT NULL,
  PRIMARY KEY (`id`)
) ENGINE=InnoDB AUTO_INCREMENT=51 DEFAULT CHARSET=utf8mb4 COLLATE=utf8mb4_0900_ai_ci;
/*!40101 SET character_set_client = @saved_cs_client */;

--
-- Dumping data for table `players`
--

LOCK TABLES `players` WRITE;
/*!40000 ALTER TABLE `players` DISABLE KEYS */;
INSERT INTO `players` VALUES (1,'Marco Verratti'),(2,'Leandro Paredes'),(3,'Aguera Ander Herrera'),(4,'Aguinaga Javi Martinez'),(5,'Presnel Kimpembe'),(6,'Joshua Kimmich'),(7,'Pablo Sarabia'),(8,'Alcantara Thiago'),(9,'Julian Draxler'),(10,'Layvin Kurzawa'),(11,'Jerome Boateng'),(12,'Joshua Joshua Zirkzee'),(13,'Mickael Cuisance'),(14,'Benjamin Pavard'),(15,'Hernandez Lucas'),(16,'Ivan Perisic'),(17,'Juan Bernat'),(18,'Junior Neymar'),(19,'Abdou Diallo'),(20,'Alvaro Odriozola'),(21,'Angel Di Maria'),(22,'Jamal Musiala'),(23,'Mitchel Bakker'),(24,'Alphonso Davies'),(25,'Emiliano Thiago Silva'),(26,'Idrissa Gueye'),(27,'Robert Lewandowski'),(28,'Thilo Kehrer'),(29,'Colin Dagba'),(30,'Thomas Muller'),(31,'Corentin Tolisso'),(32,'David Alaba'),(33,'Leon Goretzka'),(34,'Niklas Sule'),(35,'Philippe Coutinho'),(36,'Aoas Correa Marquinhos'),(37,'Kylian Mbappe-Lottin'),(38,'Mauro Icardi'),(39,'Kingsley Coman'),(40,'Serge Gnabry'),(41,'Eric Maxim Choupo-Moting'),(42,'Keylor Navas'),(43,'Marcin Bulka'),(44,'Manuel Neuer'),(45,'Ron-Thorben Hoffmann'),(46,'Sven Ulreich'),(47,'Gonzalez Sergio Rico'),(48,'Card before 27:00'),(49,'No Card before 27:00'),(50,'');
/*!40000 ALTER TABLE `players` ENABLE KEYS */;
UNLOCK TABLES;

--
-- Table structure for table `team_cards`
--

DROP TABLE IF EXISTS `team_cards`;
/*!40101 SET @saved_cs_client     = @@character_set_client */;
 SET character_set_client = utf8mb4 ;
CREATE TABLE `team_cards` (
  `fixture_id` int(11) DEFAULT NULL,
  `team_id` int(11) DEFAULT NULL,
  `line` varchar(50) DEFAULT NULL,
  `side` varchar(50) DEFAULT NULL,
  `odds` varchar(50) DEFAULT NULL
) ENGINE=InnoDB DEFAULT CHARSET=utf8mb4 COLLATE=utf8mb4_0900_ai_ci;
/*!40101 SET character_set_client = @saved_cs_client */;

--
-- Dumping data for table `team_cards`
--

LOCK TABLES `team_cards` WRITE;
/*!40000 ALTER TABLE `team_cards` DISABLE KEYS */;
INSERT INTO `team_cards` VALUES (31,5,'2.5','Over','4/5'),(31,5,'2.5','Under','10/11'),(31,6,'2.5','Over','11/10'),(31,6,'2.5','Under','4/6'),(32,5,'2.5','Over','4/5'),(32,5,'2.5','Under','10/11'),(32,6,'2.5','Over','11/10'),(32,6,'2.5','Under','4/6'),(33,5,'2.5','Over','4/5'),(33,5,'2.5','Under','10/11'),(33,6,'2.5','Over','11/10'),(33,6,'2.5','Under','4/6'),(34,5,'2.5','Over','4/5'),(34,5,'2.5','Under','10/11'),(34,6,'2.5','Over','11/10'),(34,6,'2.5','Under','4/6'),(35,5,'2.5','Over','4/5'),(35,5,'2.5','Under','10/11'),(35,6,'2.5','Over','11/10'),(35,6,'2.5','Under','4/6'),(36,5,'2.5','Over','4/5'),(36,5,'2.5','Under','10/11'),(36,6,'2.5','Over','11/10'),(36,6,'2.5','Under','4/6'),(37,5,'2.5','Over','4/5'),(37,5,'2.5','Under','10/11'),(37,6,'2.5','Over','11/10'),(37,6,'2.5','Under','4/6'),(38,5,'2.5','Over','4/5'),(38,5,'2.5','Under','10/11'),(38,6,'2.5','Over','11/10'),(38,6,'2.5','Under','4/6'),(39,5,'2.5','Over','4/5'),(39,5,'2.5','Under','10/11'),(39,6,'2.5','Over','11/10'),(39,6,'2.5','Under','4/6'),(40,5,'2.5','Over','4/5'),(40,5,'2.5','Under','10/11'),(40,6,'2.5','Over','11/10'),(40,6,'2.5','Under','4/6'),(41,5,'2.5','Over','4/5'),(41,5,'2.5','Under','10/11'),(41,6,'2.5','Over','11/10'),(41,6,'2.5','Under','4/6'),(42,5,'2.5','Over','4/5'),(42,5,'2.5','Under','10/11'),(42,6,'2.5','Over','11/10'),(42,6,'2.5','Under','4/6'),(43,5,'2.5','Over','4/5'),(43,5,'2.5','Under','10/11'),(43,6,'2.5','Over','11/10'),(43,6,'2.5','Under','4/6'),(44,5,'2.5','Over','4/5'),(44,5,'2.5','Under','10/11'),(44,6,'2.5','Over','11/10'),(44,6,'2.5','Under','4/6'),(45,5,'2.5','Over','4/5'),(45,5,'2.5','Under','10/11'),(45,6,'2.5','Over','11/10'),(45,6,'2.5','Under','4/6'),(46,5,'2.5','Over','4/5'),(46,5,'2.5','Under','10/11'),(46,6,'2.5','Over','11/10'),(46,6,'2.5','Under','4/6'),(47,5,'2.5','Over','4/5'),(47,5,'2.5','Under','10/11'),(47,6,'2.5','Over','11/10'),(47,6,'2.5','Under','4/6'),(48,5,'2.5','Over','4/5'),(48,5,'2.5','Under','10/11'),(48,6,'2.5','Over','11/10'),(48,6,'2.5','Under','4/6'),(49,5,'2.5','Over','4/5'),(49,5,'2.5','Under','10/11'),(49,6,'2.5','Over','11/10'),(49,6,'2.5','Under','4/6'),(50,5,'2.5','Over','4/5'),(50,5,'2.5','Under','10/11'),(50,6,'2.5','Over','11/10'),(50,6,'2.5','Under','4/6'),(53,5,'2.5','Over','4/5'),(53,5,'2.5','Under','10/11'),(53,6,'2.5','Over','11/10'),(53,6,'2.5','Under','4/6'),(54,5,'2.5','Over','4/5'),(54,5,'2.5','Under','10/11'),(54,6,'2.5','Over','11/10'),(54,6,'2.5','Under','4/6'),(55,5,'2.5','Over','4/5'),(55,5,'2.5','Under','10/11'),(55,6,'2.5','Over','11/10'),(55,6,'2.5','Under','4/6'),(56,5,'2.5','Over','4/5'),(56,5,'2.5','Under','10/11'),(56,6,'2.5','Over','11/10'),(56,6,'2.5','Under','4/6'),(57,5,'2.5','Over','4/5'),(57,5,'2.5','Under','10/11'),(57,6,'2.5','Over','11/10'),(57,6,'2.5','Under','4/6'),(58,5,'2.5','Over','4/5'),(58,5,'2.5','Under','10/11'),(58,6,'2.5','Over','11/10'),(58,6,'2.5','Under','4/6'),(59,5,'2.5','Over','4/5'),(59,5,'2.5','Under','10/11'),(59,6,'2.5','Over','11/10'),(59,6,'2.5','Under','4/6'),(60,5,'2.5','Over','4/5'),(60,5,'2.5','Under','10/11'),(60,6,'2.5','Over','11/10'),(60,6,'2.5','Under','4/6'),(61,5,'2.5','Over','4/5'),(61,5,'2.5','Under','10/11'),(61,6,'2.5','Over','11/10'),(61,6,'2.5','Under','4/6'),(62,5,'2.5','Over','4/5'),(62,5,'2.5','Under','10/11'),(62,6,'2.5','Over','11/10'),(62,6,'2.5','Under','4/6'),(63,5,'2.5','Over','4/5'),(63,5,'2.5','Under','10/11'),(63,6,'2.5','Over','11/10'),(63,6,'2.5','Under','4/6'),(64,5,'2.5','Over','4/5'),(64,5,'2.5','Under','10/11'),(64,6,'2.5','Over','11/10'),(64,6,'2.5','Under','4/6'),(65,5,'2.5','Over','4/5'),(65,5,'2.5','Under','10/11'),(65,6,'2.5','Over','11/10'),(65,6,'2.5','Under','4/6'),(66,5,'2.5','Over','4/5'),(66,5,'2.5','Under','10/11'),(66,6,'2.5','Over','11/10'),(66,6,'2.5','Under','4/6'),(67,5,'2.5','Over','4/5'),(67,5,'2.5','Under','10/11'),(67,6,'2.5','Over','11/10'),(67,6,'2.5','Under','4/6'),(68,5,'2.5','Over','4/5'),(68,5,'2.5','Under','10/11'),(68,6,'2.5','Over','11/10'),(68,6,'2.5','Under','4/6'),(69,5,'2.5','Over','4/5'),(69,5,'2.5','Under','10/11'),(69,6,'2.5','Over','11/10'),(69,6,'2.5','Under','4/6'),(70,5,'2.5','Over','4/6'),(70,5,'2.5','Under','11/10'),(70,6,'2.5','Over','11/10'),(70,6,'2.5','Under','4/6'),(71,5,'2.5','Over','4/6'),(71,5,'2.5','Under','11/10'),(71,6,'2.5','Over','11/10'),(71,6,'2.5','Under','4/6'),(72,5,'2.5','Over','4/6'),(72,5,'2.5','Under','11/10'),(72,6,'2.5','Over','11/10'),(72,6,'2.5','Under','4/6'),(73,5,'2.5','Over','4/6'),(73,5,'2.5','Under','11/10'),(73,6,'2.5','Over','11/10'),(73,6,'2.5','Under','4/6');
/*!40000 ALTER TABLE `team_cards` ENABLE KEYS */;
UNLOCK TABLES;

--
-- Table structure for table `teams`
--

DROP TABLE IF EXISTS `teams`;
/*!40101 SET @saved_cs_client     = @@character_set_client */;
 SET character_set_client = utf8mb4 ;
CREATE TABLE `teams` (
  `id` int(11) NOT NULL AUTO_INCREMENT,
  `name` varchar(50) DEFAULT NULL,
  PRIMARY KEY (`id`)
) ENGINE=InnoDB AUTO_INCREMENT=7 DEFAULT CHARSET=utf8mb4 COLLATE=utf8mb4_0900_ai_ci;
/*!40101 SET character_set_client = @saved_cs_client */;

--
-- Dumping data for table `teams`
--

LOCK TABLES `teams` WRITE;
/*!40000 ALTER TABLE `teams` DISABLE KEYS */;
INSERT INTO `teams` VALUES (3,'Sevilla'),(4,'Inter Milan'),(5,'PSG'),(6,'Bayern Munich');
/*!40000 ALTER TABLE `teams` ENABLE KEYS */;
UNLOCK TABLES;

--
-- Table structure for table `total_cards`
--

DROP TABLE IF EXISTS `total_cards`;
/*!40101 SET @saved_cs_client     = @@character_set_client */;
 SET character_set_client = utf8mb4 ;
CREATE TABLE `total_cards` (
  `fixture_id` int(11) DEFAULT NULL,
  `line` varchar(50) DEFAULT NULL,
  `side` varchar(50) DEFAULT NULL,
  `odds` varchar(50) DEFAULT NULL
) ENGINE=InnoDB DEFAULT CHARSET=utf8mb4 COLLATE=utf8mb4_0900_ai_ci;
/*!40101 SET character_set_client = @saved_cs_client */;

--
-- Dumping data for table `total_cards`
--

LOCK TABLES `total_cards` WRITE;
/*!40000 ALTER TABLE `total_cards` DISABLE KEYS */;
INSERT INTO `total_cards` VALUES (28,'4.5','Over','4/5'),(28,'4.5','Under','10/11'),(29,'4.5','Over','4/5'),(29,'4.5','Under','10/11'),(30,'4.5','Over','4/5'),(30,'4.5','Under','10/11'),(31,'5.5','Over','11/10'),(31,'5.5','Under','4/6'),(32,'5.5','Over','11/10'),(32,'5.5','Under','4/6'),(33,'5.5','Over','11/10'),(33,'5.5','Under','4/6'),(34,'5.5','Over','11/10'),(34,'5.5','Under','4/6'),(35,'5.5','Over','11/10'),(35,'5.5','Under','4/6'),(36,'5.5','Over','11/10'),(36,'5.5','Under','4/6'),(37,'5.5','Over','11/10'),(37,'5.5','Under','4/6'),(38,'5.5','Over','11/10'),(38,'5.5','Under','4/6'),(39,'5.5','Over','11/10'),(39,'5.5','Under','4/6'),(40,'5.5','Over','11/10'),(40,'5.5','Under','4/6'),(41,'5.5','Over','11/10'),(41,'5.5','Under','4/6'),(42,'5.5','Over','11/10'),(42,'5.5','Under','4/6'),(43,'5.5','Over','11/10'),(43,'5.5','Under','4/6'),(44,'5.5','Over','11/10'),(44,'5.5','Under','4/6'),(45,'5.5','Over','11/10'),(45,'5.5','Under','4/6'),(46,'5.5','Over','11/10'),(46,'5.5','Under','4/6'),(47,'5.5','Over','11/10'),(47,'5.5','Under','4/6'),(48,'5.5','Over','11/10'),(48,'5.5','Under','4/6'),(49,'5.5','Over','11/10'),(49,'5.5','Under','4/6'),(50,'5.5','Over','11/10'),(50,'5.5','Under','4/6'),(53,'5.5','Over','11/10'),(53,'5.5','Under','4/6'),(54,'5.5','Over','11/10'),(54,'5.5','Under','4/6'),(55,'5.5','Over','11/10'),(55,'5.5','Under','4/6'),(56,'5.5','Over','11/10'),(56,'5.5','Under','4/6'),(57,'5.5','Over','11/10'),(57,'5.5','Under','4/6'),(58,'5.5','Over','11/10'),(58,'5.5','Under','4/6'),(59,'5.5','Over','11/10'),(59,'5.5','Under','4/6'),(60,'5.5','Over','11/10'),(60,'5.5','Under','4/6'),(61,'5.5','Over','11/10'),(61,'5.5','Under','4/6'),(62,'5.5','Over','11/10'),(62,'5.5','Under','4/6'),(63,'5.5','Over','11/10'),(63,'5.5','Under','4/6'),(64,'5.5','Over','11/10'),(64,'5.5','Under','4/6'),(65,'5.5','Over','11/10'),(65,'5.5','Under','4/6'),(66,'5.5','Over','11/10'),(66,'5.5','Under','4/6'),(67,'5.5','Over','11/10'),(67,'5.5','Under','4/6'),(68,'5.5','Over','11/10'),(68,'5.5','Under','4/6'),(69,'5.5','Over','11/10'),(69,'5.5','Under','4/6'),(70,'5.5','Over','1/1'),(70,'5.5','Under','8/11'),(71,'5.5','Over','1/1'),(71,'5.5','Under','8/11'),(72,'5.5','Over','1/1'),(72,'5.5','Under','8/11'),(73,'5.5','Over','1/1'),(73,'5.5','Under','8/11');
/*!40000 ALTER TABLE `total_cards` ENABLE KEYS */;
UNLOCK TABLES;

--
-- Table structure for table `total_corners`
--

DROP TABLE IF EXISTS `total_corners`;
/*!40101 SET @saved_cs_client     = @@character_set_client */;
 SET character_set_client = utf8mb4 ;
CREATE TABLE `total_corners` (
  `fixture_id` int(11) DEFAULT NULL,
  `line` varchar(50) DEFAULT NULL,
  `side` varchar(50) DEFAULT NULL,
  `odds` varchar(50) DEFAULT NULL
) ENGINE=InnoDB DEFAULT CHARSET=utf8mb4 COLLATE=utf8mb4_0900_ai_ci;
/*!40101 SET character_set_client = @saved_cs_client */;

--
-- Dumping data for table `total_corners`
--

LOCK TABLES `total_corners` WRITE;
/*!40000 ALTER TABLE `total_corners` DISABLE KEYS */;
/*!40000 ALTER TABLE `total_corners` ENABLE KEYS */;
UNLOCK TABLES;
/*!40103 SET TIME_ZONE=@OLD_TIME_ZONE */;

/*!40101 SET SQL_MODE=@OLD_SQL_MODE */;
/*!40014 SET FOREIGN_KEY_CHECKS=@OLD_FOREIGN_KEY_CHECKS */;
/*!40014 SET UNIQUE_CHECKS=@OLD_UNIQUE_CHECKS */;
/*!40101 SET CHARACTER_SET_CLIENT=@OLD_CHARACTER_SET_CLIENT */;
/*!40101 SET CHARACTER_SET_RESULTS=@OLD_CHARACTER_SET_RESULTS */;
/*!40101 SET COLLATION_CONNECTION=@OLD_COLLATION_CONNECTION */;
/*!40111 SET SQL_NOTES=@OLD_SQL_NOTES */;

-- Dump completed on 2020-08-23 20:48:38
